"CASE"	"SERIAL"	"REF"	"QUESTNNR"	"MODE"	"STARTED"	"AD01"	"AD02"	"AD03"	"AD04"	"AD05"	"AD08_01"	"AD10"	"AD12"	"AM01_01"	"AM01_02"	"AM01_03"	"AM01_04"	"AM01_05"	"AM01_18"	"AM01_06"	"AM01_07"	"AM01_08"	"AM01_09"	"AM01_17"	"AM01_14"	"AM01_10"	"AM01_11"	"AM01_12"	"AM01_13"	"AM01_15"	"AM01_16"	"AM02_01"	"AM02_02"	"AM02_03"	"AM02_04"	"AM02_05"	"AM02_06"	"AM02_07"	"AM02_08"	"AM02_09"	"AM02_10"	"AM02_11"	"AM02_12"	"AM02_13"	"AM02_14"	"AM02_15"	"AM02_16"	"AM04_01"	"AM04_02"	"AM04_03"	"AM04_04"	"AM04_05"	"AM04_06"	"AM04_07"	"AM04_08"	"AM04_09"	"AM04_10"	"AM04_11"	"AM04_12"	"AM04_13"	"AM04_14"	"AM04_15"	"AM04_16"	"AM04_17"	"AM04_18"	"AM05_01"	"AM05_02"	"AM05_03"	"AM05_04"	"AM05_05"	"AM05_06"	"AM05_07"	"AM05_08"	"AM05_09"	"AM05_10"	"AM05_11"	"AM05_12"	"AM05_13"	"AM05_14"	"AM05_15"	"AM05_16"	"AM05_17"	"AM05_18"	"M113_01"	"M106_01"	"M105_01"	"M107_01"	"M114_01"	"M115_01"	"M117_01"	"M213_01"	"M206_01"	"M205_01"	"M207_01"	"M214_01"	"M215_01"	"M217_01"	"M313_01"	"M306_01"	"M305_01"	"M307_01"	"M314_01"	"M315_01"	"M317_01"	"M413_01"	"M406_01"	"M405_01"	"M407_01"	"M414_01"	"M415_01"	"M417_01"	"M513_01"	"M506_01"	"M505_01"	"M507_01"	"M514_01"	"M515_01"	"M517_01"	"M613_01"	"M606_01"	"M605_01"	"M607_01"	"M615_01"	"M617_01"	"M618"	"M713_01"	"M706_01"	"M705_01"	"M707_01"	"M714_01"	"M715_01"	"M717_01"	"M813_01"	"M806_01"	"M805_01"	"M807_01"	"M814_01"	"M815_01"	"M817_01"	"M913_01"	"M906_01"	"M905_01"	"M907_01"	"M914_01"	"M915_01"	"M917_01"	"N113_01"	"N106_01"	"N105_01"	"N107_01"	"N114_01"	"N115_01"	"N117_01"	"N213_01"	"N206_01"	"N205_01"	"N207_01"	"N214_01"	"N217_01"	"N218"	"N313_01"	"N306_01"	"N305_01"	"N307_01"	"N314_01"	"N315_01"	"N318_01"	"N317_01"	"N413_01"	"N406_01"	"N405_01"	"N407_01"	"N414_01"	"N415_01"	"N417_01"	"N513_01"	"N506_01"	"N505_01"	"N507_01"	"N514_01"	"N515_01"	"N517_01"	"N613_01"	"N606_01"	"N605_01"	"N607_01"	"N614_01"	"N615_01"	"N617_01"	"N901_01"	"N902_01"	"N903_01"	"N904_01"	"N905_01"	"N906_01"	"N713_01"	"N706_01"	"N705_01"	"N707_01"	"N714_01"	"N715_01"	"N717_01"	"N813_01"	"N806_01"	"N805_01"	"N807_01"	"N814_01"	"N815_01"	"N817_01"	"K101_01"	"K102_01"	"K103_01"	"K105"	"K201_01"	"K202_01"	"K203_01"	"K205"	"K301_01"	"K302_01"	"K303_01"	"K305"	"K401_01"	"K402_01"	"K403_01"	"K405"	"K501_01"	"K502_01"	"K503_01"	"K505"	"K601_01"	"K603_01"	"K605"	"K701_01"	"K702_01"	"K703_01"	"K705"	"K801_01"	"K802_01"	"K803_01"	"K805"	"K901_01"	"K902_01"	"K903_01"	"K905"	"L101_01"	"L102_01"	"L103_01"	"L105"	"L201_01"	"L205"	"L301_01"	"L307_01"	"L302_01"	"L303_01"	"L305"	"L401_01"	"L402_01"	"L403_01"	"L405"	"L501_01"	"L502_01"	"L503_01"	"L505"	"L601_01"	"L602_01"	"L603_01"	"L605"	"L701_01"	"L703_01"	"L705"	"L801_01"	"L802_01"	"L803_01"	"L805"	"L901_01"	"L902_01"	"L903_01"	"L905"	"PD01_01"	"PD02"	"PD03"	"PD04"	"PD05_01"	"PD05_02"	"PD07"	"PD08"	"TIME001"	"TIME002"	"TIME003"	"TIME004"	"TIME005"	"TIME006"	"TIME007"	"TIME008"	"TIME009"	"TIME010"	"TIME011"	"TIME012"	"TIME013"	"TIME014"	"TIME015"	"TIME016"	"TIME017"	"TIME018"	"TIME019"	"TIME020"	"TIME021"	"TIME022"	"TIME023"	"TIME024"	"TIME025"	"TIME026"	"TIME027"	"TIME028"	"TIME029"	"TIME030"	"TIME031"	"TIME032"	"TIME033"	"TIME034"	"TIME035"	"TIME036"	"TIME037"	"TIME038"	"TIME039"	"TIME040"	"TIME_SUM"	"MAILSENT"	"LASTDATA"	"FINISHED"	"LASTPAGE"	"MAXPAGE"	"MISSING"	"MISSREL"	"DEG_MISS"	"DEG_TIME"	"DEGRADE"
102			"empinf"	"interview"	2014-06-14 02:36:55	2	1	1	6	1	3	1	1	T	T	T	T	T	T	T	T	T	T	T	T	T	T	T	T	T	T	1	1	1	1	1	1	1	1	1	1	1	1	1	1	1	1	2	2	2	2	2	2	2	2	2	2	2	2	2	2	2	2	2	2	"10"	"8"	"10"	"25"	"10"	"25"	"10"	"15"	"15"	"10"	"15"	"10"	"20"	"8"	"8"	"5"	"10"	"10"																																																																																																																																																																																																												63	107	421																																						591		2014-06-14 02:46:46	F	3	3	0	0	0	0	0
107			"empinf"	"interview"	2014-06-14 04:15:48	2	2	2	6	1	5	1	2																																																																																																																																																																																																																																																																																		44	57																																							101		2014-06-14 04:17:29	F	2	2	0	0	0	7	7
112			"empinf"	"interview"	2014-06-14 08:37:05	2	1	1	9	1	4	1	2	T	T	T	T	T	T	T	T	T	T	T	T	T	T	T	T	T	T	1	2	1	1	1	1	1	1	1	1	1	1	1	2	1	1	2	2	2	2	2	2	2	2	2	2	2	2	2	2	2	2	2	2	"0"	"0"	"0"	"0"	"0"	"0"	"0"	"0"	"0"	"0"	"0"	"0"	"0"	"0"	"0"	"0"	"0"	"0"	8	1	7	6	10	10		6	3	2	1	10	10		6	5	2	1	10	10		6	6	1	1	10	10		6	3	5	1	10	10		6	6	1	2	10		1	8	1	7	6	10	10		8	1	7	6	10	10		9	1	7	5	10	10		15	6	3	1	10	10		10	6	1	1	10		3	8	6	7	1	1	10	6		8	6	7	3	10	10		8	4	7	1	10	10		8	3	7	1	10	10		6	1	7	4	4		5	2	1	1	10	10		5	3	1	1	10	10		2	10	5	2	2	40	0	2	0	10	5	2	2	15	5	2	2	10	5	2	0	6	2	1	5	5	2	1	5	5	2	1	5	5	2	8	20	6	2	112	2	3	20	15	2	2	2	5	5	2	1	5	5	2	1	5	5	2	4	2	2	1	5	2	2	1	5	2	2	27	1	1	1	T	F	2	1	63	81	136	202	39	25	22	26	24	13	15	39	22	14	17	46	33	55	32	26	15	44	45	56	16	15	58	7	6	13	13	54	8	13	27	22	15	15	6	22	1400		2014-06-14 09:00:25	T	40	40	0	0	0	44	44
115			"empinf"	"interview"	2014-06-14 08:43:52	2	2	2	7	1	3	1	1	T	T	T	T	T	F	T	F	F	T	T	T	T	T	T	T	T	T	1	1	1	1	1	2	3	3	1	1	1	1	1	1	1	1	2	2	3	2	2	2	1	1	2	2	2	2	2	2	2	2	2	2	"5"	"3"	"3"	"10"	"10"	"20"	"15"	"20"	"20"	"10"	"1"	"2"	"5"	"5"	"5"	"7"	"2"	"2"	60	4	6	2	10	9		12	2	6	6	9	10		18	5	6	3	8	7	2	22	4	7	3	8	10		15	4	2	6	3	7									22	5	4	1	10	9																10	4	6	3	8	8		2	2	7	6	10		2	3	1	7	7	3	10	9		6	5	1	5	2	9		8	1	7	6	10	9		3	1	7	6	2	10		5	2	7	4	6		5	3	6	6	8	9		5	2	6	5	9	10		20	12	40	2	5	12	3	2	8	16	3	2	12	12	3	2	5	8	2	2				12	60	8	2									6	12	4	2	16	2	3	4	8	1	2	3	18	6	2	5	10	2	2	4	9	1	2	3	5	2	3	5	3	2	4	7	4	2	29	1	1	1	T	F	3	2	105	85	350	144	124	59	41	66	61	31			51	46	35	68	45	100	46		33	91	67	43	47	47	54	27			31	25	28	36	47	22	93		24	79	2112		2014-06-14 09:21:25	T	40	40	0	0	0	2	2
120			"empinf"	"interview"	2014-06-14 09:48:40	1	1	1	14	1	5	1	1	T	T	T	T	T	T	T	T	T	T	T	T	T	T	T	T	T	T	1	1	1	1	1	2	2	2	2	1	1	1	1	1	1	1	2	2	2	2	2	2	3	3	3	2	2	2	2	2	2	2	2	2	"10"	"10"	"15"	"15"	"15"	"20"	"15"	"25"	"25"	"25"	"15"	"15"	"10"	"10"	"15"	"10"	"10"	"10"																																																																																																																																																																																																												16	79	254																																						349		2014-06-14 09:54:29	F	3	3	0	0	0	16	16
121			"empinf"	"interview"	2014-06-14 10:02:49	2	2	2	3	1	5	1	1	T	T	F	F	F	F	T	F	F	T	F	F	T	T	T	F	T	F	1	1	3			1			1	1	1	1			3		2	2				2			2	2	2	2			1				"SS13"	"SS14"					"WS13/14"			"SS14"			"WS13/14"	"SS14"	"WS13/14"		"WS13/14"		14	2	7	1	8	9		12	4	6	1	1	7																														8	4	1	7	1	10																14	5	7	4	9	9																	7	2	1	5	2	9		9	2	3	1	7	10		11	5	5	1	9	7								55	2	6	4	4	3									8	12	3	1	10	20	2	1																8	20	1	2									10	30	4	1								7	10	1	2	6	20	3	1	10	20	2	2				45	0	10	2					25	2	1	1	T	F	3	2	93	208	285	109	95	45				62			58	65	119	99					369		68	48				54			49	117	102	52					55		1406		2014-06-14 10:38:41	T	39	39	16	9	28	0	29
122			"empinf"	"interview"	2014-06-14 10:04:06	2	2	2	10	1	2	1	1																																																																																																																																																																																																																																																																																		20	38																																							58		2014-06-14 10:05:04	F	2	2	0	0	0	35	35
124			"empinf"	"interview"	2014-06-14 10:15:54	2	1	1	4	1	5	1	1	T	T	T	F	F	F	T	T	T	T	F	F	T	T	T	F	F	F	2	1	1	1		1	2	1	1	1	1	1					2	2	2			2	2	2	2	2	2	2							"15"	"12"	"12"				"15"	"15"	"15"	"10"			"8"	"8"	"8"				15	5	2	1	3	10		12	5	5	1	3	10		12	5	5	2	10	10																							13	6	2	1	10	10		12	5	3	1	10	10		13	5	1	2	10	10		11	5	1	1	9	10																	10	3	4	4	8	10		12	4	5	1	10	10		10	3	4	2	8	10																																																																																																			10	70	247	66	50	47	30			40	36	28	40	31	34																										729		2014-06-14 10:28:05	F	15	15	14	8	25	15	41
125			"empinf"	"interview"	2014-06-14 10:22:03	X-9	X-9	X-9	X-9	X-9		X-9	X-9																																																																																																																																																																																																																																																																																		6	17																																							23		2014-06-14 10:22:26	F	2	2	100	100	303	181	484
127			"empinf"	"interview"	2014-06-14 10:28:07	2	2	1	5	1	4	1	2	T	T	F	F	F	F	T	T	T	T	F	F	T	T	T	T	T	T	1	2	3	3	3	1	2	1	1	2	1	2	1	3	1	1	2	4	1	1	1	2	3	2	2	3	2	2	2	1	2	2	1	1	"30"	"30"					"30"	"30"	"35"	"30"			"35"	"30"	"35"	"30"	"35"	"30"	9	3	6	2	9	9		9	4	6	2	6	8	7																													8	5	2	3	9	8		8	5	2	3	9	8	4	8	5	2	3	8	8		8	4	6	2	9	9																	7	5	5	3	7	8	7	7	4	6	1	3	7		8	4	6	2	6	9		8	5	6	1	7		8	2	6	2	10	10		8	4	6	2	9	9		5	16	4	2	5	16	4	2																5	16	4	2	5	16	4	2	5	16	4	2	5	15	3	2								5	20	3	2	3	10	2	2	5	12	3	2	4	4	2	5	8	3	2	5	12	4	2	27	2	1	1	T	F	3	1	87	119	376	140	85	971				93	227	58	53	34	36	50	65				36	103	25	23				14	16	34	25	35	28	36	40				23	49	1770		2014-06-14 11:16:08	T	40	40	3	1	4	6	10
128			"empinf"	"interview"	2014-06-14 10:35:09	2	2	1	4	1	2	1	1	T	T	T	F	F	F	T	T	F	F	T	F	F	F	T	F	T	F	3	1	1			3	3					1			1		1	2	2			1	1					2			2		2		"10"	"10"	"10"				"10"	"10"							"10"		"10"		14	4	4	2	9	9		14	3	6	4	9	9		14	5	5	2	9	10																							16	6	4	1	8	8		16	6	2	2	9	10																4	4	2	1	9		2																							12	3	3	2	9	10								30	3	7	5	10	10									7	15	5	1	7	20	5	1	7	15	5	2												8	20	6	1	8	20	6	1									25	2														7	15	3	2				15	10	15	2					21	1	1	1	T	F	3	2	65	157	1313	5205	62	88	133			57	90					199			255		550		66	74	48			51	73					29			159		83		1385		2014-06-14 13:01:08	T	39	39	17	11	35	0	35
130			"empinf"	"interview"	2014-06-14 10:45:07	2	1	1	6	1	6	1	1	T	T	T	T	F	T	T	T	T	T	T	T	T	T	T	T	T	T	1	1	1	1		1	1	1	1	1	1	1	1	1	1	1	2	2	2	2		2	2	2	2	2	2	2	2	2	2	2	2	2	"0"	"0"	"0"	"0"		"0"	"0"	"0"	"0"	"0"	"0"	"0"	"0"	"0"	"0"	"0"	"0"	"0"	12	4	5	2	10	10		17	3	4	4	10	10		12	4	5	3	10	10		10	4	4	2	9	10									20	4	6	3	4		2	12	4	6	4	10	10		12	4	6	5	10	10		12	4	6	4	10	10		11	4	4	2	10	10		6	4	5	2	10		4	9	3	3	3	3	10	7		7	3	4	3	10	10		8	3	5	3	10	10		8	3	5	3	10	10		8	3	5	2	10		7	3	4	3	10	10		9	3	6	4	9	10		8	10	6	2	17	18	6	2	10	10	6	2	8	8	7	2					15	25	2	6	8	6	2	6	8	6	2	6	8	6	2	7	9	5	2	50	2	4	30	8	3	2	4	8	3	2	6	10	3	2	6	10	3	2	4	2	2	6	8	3	2	5	8	5	2	22	1	1	1	T	F	1	2	61	61	129	92	61	39	58	37		35	27	30	37	669	49	49	99	49	93	54	59	139	32	118	70	31		20	18	51	35	20	18	16	36	34	326	52	22	25	1843		2014-06-14 11:32:39	T	40	40	1	1	2	8	10
131			"empinf"	"interview"	2014-06-14 10:51:09	2	2	1	4	1	5	1	1																																																																																																																																																																																																																																																																																		8	80																																							88		2014-06-14 10:52:37	F	2	2	0	0	0	69	69
134			"empinf"	"interview"	2014-06-14 11:23:51	2	1	1	9	1	4	1	2	T	T	T	T	T	T	T	T	T	T	T	T	T	T	T	T	T	T	1	2	1	1	1	1	1	1	1	1	1	1	1	1	1	1	2	2	2	3	2	2	2	2	2	2	2	2	2	2	2	2	2	2	"10"	"10"	"10"	"12"	"12"	"12"	"10"	"10"	"10"	"10"	"12"	"12"	"10"	"10"	"12"	"12"	"10"	"10"	10	4	5	2	8	8		12	5	5	2	7	8		12	4	7	2	8	7																																																																																																																																																																																								1190	898	229	89	50	47																																			517		2014-06-14 12:05:34	F	6	6	0	0	0	4	4
136			"empinf"	"interview"	2014-06-14 11:39:02	2	2	1	6	1	5	1	1	T	T	T	T	F	F	T	T	T	T	T	T	T	T	T	T	T	T	1	1	1	2	3	2	2	1	2	1	2	1	1	1	1	1	2	2	2	2	1	2	3	2	2	2	3	3	2	2	2	2	2																				12	4	4	1	8	6		14	4	6	5	9	6		15	4	4	4	8	6		12	5	5	2	7	6																14	5	5	3	9	7		15	5	4	2	9	9	7	14	5	5	3	9	6		16	3	6	5	9	5		5	2	3	2	9		4	8	3	5	5	7	6	6		10	3	3	2	6	9		10	4	5	3	8	6	7	12	4	5	2	8	6	7	8	3	6	2	5		7	2	3	2	8	6		7	2	3	2	7	9		8	15	5	2	10	15	5	2	10	15	5	2	10	16	3	2								10	17	5	2	10	18	5	2	10	18	5	2	10	18	5	2	15	2	8	6	14	3	2	7	16	3	2	10	16	3	2	10	17	3	2	4	5	2	8	10	3	2	7	9	3	2	23	2	1	1	T	F	2	1	7	154	242	395	83	75	67	86		71	65	69	166	88	67	71	57	86	54		50	145	104	16	24	17		16	13	13	29	26	22	31	31	17	25		29	38	2133		2014-06-14 12:21:37	T	40	40	7	4	13	11	25
137			"empinf"	"interview"	2014-06-14 11:44:42	2	2	1	4	1	6	1	2	T	T	T	F	F	F	T	T	T	T	T	F	T	T	T	F	T	F	1	1	1			1	1	1	1	1	1	1			1	1	2	2	2			2	2	2	2	2	2	2			2		2		"0"	"0"	"0"				"0"	"0"	"0"	"0"			"0"	"0"	"0"		"0"		10	4	6	1	10	10		11	2	6	1	10	10		9	3	6	2	10	10																							11	6	4	1	10	10		9	4	3	3	10	10		10	4	3	2	10	10		8	4	5	1	10	10		2	2	6	3	10		2									6	3	5	1	10	10		6	2	6	2	10	10		6	1	6	2	10	10								4	1	7	2	10	10									6	15	4	2	7	10	4	2	5	7	4	2												6	16	5	2	6	12	4	2	5	12	5	2	4	10	4	2	25	2						4	6	2	2	4	10	2	2	4	10	2	2				1	14	3	2					22	1	1	1	T	F	4	2	82	144	527	95	48	63	39			43	40	35	40	35	20	67			39		87		50	46	50			28	29	31	20	13	13	24			44		35		1787		2014-06-14 12:14:30	T	39	39	8	4	12	8	20
138			"empinf"	"interview"	2014-06-14 11:45:21	1	1	1	8	1	3	1	1	T	T	T	T	T	T	T	T	T	T	T	T	T	T	T	T	T	T	1	1	1	1	1	1	2	2	2	1	2	1	1	1	1	1	2	2	2	2	2	2	2	2	4	2	2	2	2	2	2	2	2	2	"1"	"2"	"3"	"3"	"3"	"1"	"3"	"3"	"3"	"3"	"1"	"2"	"1"	"1"	"2"	"3"	"1"	"3"																																																																																																																																																																																																												17	38	174																																						229		2014-06-14 11:49:10	F	3	3	0	0	0	38	38
139			"empinf"	"interview"	2014-06-14 11:51:47	2	2	1	8	3	3	1	1	T	T	T	F	F	T	T	T	F	F	T	T	T	T	T	F	T	T	1	1	1			1	1			1	1	1		1	1	1	2	2	2	3		2	2		1	2	2	2		2	2	2	2	2	"10"	"10"	"10"	"10"		"10"	"8"	"8"	"8"	"10"	"3"	"5"	"6"	"6"	"6"		"10"	"5"	10	3	1	4	8	7		10	3	7	6	7	7																																																																																																																																																																																															28	74	209	59	33																																				403		2014-06-14 11:58:31	F	5	5	11	7	22	17	39
140			"empinf"	"interview"	2014-06-14 11:58:24	2	1	1	9	1	6	1	1	T	T	T	T	T	T	T	T	T	T	T	T	T	T	T	T	T	T	1	3	1	1	1	3	1	1	1	1	1	1	1	1	1	1	2	4	2	2	2	4	2	2	2	2	2	2	2	2	2	2	2	2																																																																																																																																																																																																																														7	37	104																																						148		2014-06-14 12:00:52	F	3	3	23	17	50	99	149
141			"empinf"	"interview"	2014-06-14 12:03:17	2	1	2	3	1	6	1	1	T	F	T	F	T	F	F	F	F	F	T	T	T	F	F	F	T	F	1	3	1	3	2	3	3	3	3	1	3	3	3	1	1	3	2	1	2	1	2	1	1	1	1	2	1	1	1	3	2	1	2	1	"6"	"7"	"7"	"9"	"8"						"5"	"8"	"8"	"8"			"6"	"7"	8	3	5	6	7	8									10	4	6	5	8	8									11	5	6	3	6	6																																					6	4	7	3	10		2	8	3	6	5	3	10	8	7	10	3	2	2	6	6																						8	2	2	1	9	8									5	2	5	2					4	2	4	2					7	4	3	2																				30	2	2	20	2	2	2	4	2	2	2												4	1	4	2					24	1	1	1	T	F	2	2	11	81	285	56	29		39		23					61				33	38		48		25		27		25					34				14	20		34		883		2014-06-14 12:18:00	T	39	39	4	3	8	19	27
142			"empinf"	"interview"	2014-06-14 12:04:06	2	1	2	2	1	3	1	1	T	T	F	F	F	F	T	F	F	T	F	F	T	T	F	F	F	F	1								1	1							2								2	2									"15"						"14"			"20"			"14"	"15"					15	5	6	6	9	5		20	6	7	5	9	8																														14	6	4	7	5	10																20	6	7	4	10	9																	14	5	5	5	5	6		15	4	4	4	4	3																													9	25	6	2	16	29	8	2																10	30	6	2									12	40	8	2								8	16	6	2	10	32	6	2																26	1	1	1	T	F	3	2	16	93	195	89	57	53				38			39	45	80								64	52				34			35	30	51								971		2014-06-14 12:20:17	T	33	33	27	19	58	5	63
143			"empinf"	"interview"	2014-06-14 12:06:37	2	2	2	X-9	1	5	1	2																																																																																																																																																																																																																																																																																		12	92																																							104		2014-06-14 12:08:21	F	2	2	13	12	37	38	75
144			"empinf"	"interview"	2014-06-14 12:08:42	2	1	1	9	1	5	1	1	T	T	T	T	T	T	T	T	T	T	T	T	T	T	T	T	T	T	1	1	1	1	1	1	2	1	2	1	1	2	1	2	1	1	2	3	3	3	3	2	2	4	2	2	2	2	2	2	2	2	2	3	"15"	"12"	"12"	"8"	"8"	"12"	"15"	"15"	"15"	"12"	"5"	"8"	"12"	"12"	"12"	"8"	"20"	"1"	200	4	5	2	9	9		160	3	7	4	8	8	3	160	3	4	3	7	9	4	110	6	1	1	4	3	7	110	5	2	4	4	3	5	160	5	3	2	2		4	200	4	4	3	9	9		200	5	4	4	8	9		200	6	5	3	8	9	9	160	5	2	2	8	5		80	1	7	6	9		4	150	5	3	1	2	8	10		160	5	4	2	7	4		160	2	6	2	6	9		160	6	6	3	7	7		100	2	7	3	6		60	4	5	1	8	8		100	5	1	1	3	3		10	30	6	2	10	25	5	2	8	20	8	2	8	30	4	2	4	30	3	2	5	2	2	12	30	10	2	8	30	8	2	12	30	8	2	8	25	6	2	20	2	10	15	25	1	2	3	20	3	2	10	25	4	2	10	25	5	2	4	2	2	45	20	20	2	8	15	1	2	23	1	1	1	T	F	4	1	142	73	306	126	80	61	77	55	43	23	40	54	58	31	38	45	77	58	49	79	47	66	81	34	50	26	36	27	39	60	33	37	31	32	64	22	24	72	16	55	2367		2014-06-14 12:48:09	T	40	40	0	0	0	3	3
146			"empinf"	"interview"	2014-06-14 12:16:41	2	2	1	10	1	4	X-9	1																																																																																																																																																																																																																																																																																		15	34																																							49		2014-06-14 12:17:31	F	2	2	13	12	37	53	90
147			"empinf"	"interview"	2014-06-14 12:23:17	2	1	1	10	1	4	1	1	T	T	T	F	F	F	F	F	T	F	F	T	T	T	T	T	T	F	2	2	2	3	3	3	3	2	3	2	1	1	1	1	1	3	3	3	2	1	1	1	1	4	1	3	3	2	2	2	2	1	1	1																				3	5		8	8	4																																																																																																																																																																																																					4	40	406	35																																					485		2014-06-14 12:31:22	F	4	4	24	18	54	116	170
148			"empinf"	"interview"	2014-06-14 12:23:53	2	1	1	10	1	5	1	2	T	T	T	T	T	T	T	T	T	T	T	T	T	T	T	T	T	T	1	1	1	1	1	1	1	1	1	1	1	1	1	1	1	1	2	2	2	2	2	2	3	2	2	2	2	2	2	2	2	2	2	2																																																																																																																																																																																																																														5	106	111																																						222		2014-06-14 12:27:35	F	3	3	23	17	50	109	159
152			"empinf"	"interview"	2014-06-14 12:33:46	2	2	1	1	1	6	1	1																																																																																																																																																																																																																																																																																		55	49																																							104		2014-06-14 12:35:30	F	2	2	0	0	0	12	12
155			"empinf"	"interview"	2014-06-14 13:04:47	2	1	1	6	1	6	1	1	T	T	T	T	T	T	T	T	T	T	T	T	T	T	T	T	T	T	1	1	1	1	1	1	1	1	1	1	1	1	1	1	1	1	2	2	2	2	2	2	2	2	2	2	2	2	2	2	2	2	2	2	"10"	"10"	"12"	"12"	"10"	"12"	"18"	"18"	"16"	"10"	"6"	"10"	"12"	"10"	"12"	"8"	"10"	"10"	10	2	5	3	10	10		10	3	4	6	10	10		12	4	5	3	10	10		12	5	7	2	10	10		10	2	4	6	10	10		10	6	5	5	3		2	18	4	6	2	10	10		18	5	6	3	10	10		16	5	6	3	10	10		10	3	5	2	10	10		6	3	6	1	10		4	10	2	5	4	9	10	11		12	4	5	2	10	10		10	3	4	5	10	10		12	4	6	3	10	10		8	2	4	3	10		18	3	3	2	10	10		12	2	6	3	10	10		7	1	3	2	7	1	3	2	9	4	3	2	10	4	2	2	8	2	2	2	4	6	2	15	4	3	2	15	4	3	2	13	4	3	2	7	4	3	2	80	2	3	40	2	3	2	10	3	2	2	8	1	2	2	10	4	2	2	4	4	2	8	4	2	2	7	4	3	2	24	1	1	1	T	F	4	3	20	55	517	90	56	40	33	34	46	34	29	32	40	49	40	59	30	228	61	38	32	60	19	48	39	20	34	15	11	11	21	24	24	19	111	23	26	123	44	60	2118		2014-06-14 13:43:05	T	40	40	0	0	0	12	12
156			"empinf"	"interview"	2014-06-14 13:19:03	1	2	2	14	1	6	1	1																																																																																																																																																																																																																																																																																		9	44																																							53		2014-06-14 13:19:56	F	2	2	0	0	0	74	74
158			"empinf"	"interview"	2014-06-14 13:25:07	2	2	2	1	1	5	1	2	F	T	F	F	F	F	F	T	F	F	F	F	F	T	F	F	F	F																																				"18"						"12"						"8"												18	4	7	2	7	10																																					12	6	7	2	10	10																																						8	3	7	1	9	10																																	14	40	4	2																				8	70	4	2																				6	25	2	2																19	2	1	1	T	F	6	1	37	66	162	56		32					24				131									26					29				63								534		2014-06-14 13:35:33	T	33	33	41	32	97	15	113
159			"empinf"	"interview"	2014-06-14 13:29:19	2	2	1	5	1	4	1	1	T	T	T	T	T	T	T	F	F	T	T	T	T	T	F	T	T	T	1	1	2	1	1	1	3	3	1	2	2	3	1	1	1	1	2	2	2	2	2	2	1	1	2	2	2	1	2	2	2	2	2	2	"7"	"8"	"9"	"8"	"10"		"7"			"9"	"3"	"4"	"6"	"8"		"3"	"4"	"5"																																																																																																																																																																																																												5	45	211																																						261		2014-06-14 13:33:40	F	3	3	5	3	10	99	109
160			"empinf"	"interview"	2014-06-14 13:39:45	2	2	1	5	1	6	1	1	T	T	T	F	F	F	T	T	F	T	F	F	F	T	T	F	F	F	1	1	1	3	3	1	3	3	1	3	1	1	3	3	3	3	2	2	2	1	1	2	4	1	2	1	2	2	1	3	1	3	1	1	"10"	"8"	"8"				"12"	"14"		"8"		"10"		"10"	"8"			"8"	10	5	3	1	4	9		8	3	7	5	5	9		8	3	5	5	3	7																							12	5	4	3	8	10		14	6	4	2	9	4	4								8	4	6	2	6	9																								10	2	7	4	8	9		8	2	7	5	10	10																						6	2	4	2	4	1	4	2	4	1	4	2												8	8	4	2	9	10	5	2					5	2	2	2												4	1	2	2	5	0	2	2												21	1	1	1	T	F	1	2	31	79	322	121	48	50	61			59	52		70		39	55							50	34	20			42	32		19		18	36							1238		2014-06-14 14:00:24	T	34	34	5	2	7	3	10
161			"empinf"	"interview"	2014-06-14 13:43:14	2	2	1	10	1	5	1	1	T	T	T	T	T	T	T	T	T	T	T	T	T	T	T	T	T	T	1	1	1	2	1	1	1	2	1	1	2	1	1	1	1	1	2	2	2	2	2	2	2	2	2	2	2	2	2	2	2	2	2	2																																																																																																																																																																																																																														8	34	83																																						125		2014-06-14 13:45:19	F	3	3	23	17	50	104	154
165			"empinf"	"interview"	2014-06-14 14:05:33	2	1	1	10	1	4	1	1	T	T	T	T	T	T	T	T	T	T	T	T	T	T	T	T	T	T	1	1	2	2	1	2	2	2	1	2	1	1	1	1	1	1	3	2	3	2	3	2	3	4	3	4	2	4	2	3	2	2	2	2	"10"	"10"	"10"	"8"	"8"	"4"	"10"	"10"	"12"	"9"	"4"	"8"	"8"	"8"	"8"	"2"	"4"	"6"	10	4	3	2	8	9	3	10	4	4	2	9	9	5	10	5	2	2	7	8	7	8	5	2	1	10	4		8	4	2	1	2	1	5	4	4	3	2	3		1	10	4	4	3	10	9		10	6	3	5	7	10	9	10	5	3	4	7	8	4	8	3	2	1	2	8	5	4	2	5	3	9		2	8	4	2	1	1	5	5	3	8	5	5	3	3	5	4	8	3	4	4	9	10		8	3	5	2	3	10	4	2	4	4	3	2		4	2	4	2	9	10		6	3	4	1	8	10		4	2	4	2	4	2	4	2	4	2	4	2	3	1	3	2	1	3	2	2	2	2	2	4	2	4	2	4	2	4	2	5	2	3	2	2	1	3	2	80	2	2	30	1	4	2	2	2	2	2	2	1	2	2	2	2	2	2	2	0	2	3	1	3	2	4	2	3	2	27	1	1	1	T	F	2	1	5	50	402	66	35	38	33	47	51	59	43	74	64	79	41	52	110	83	38	45	76	56	10	12	22	15	17	9	10	24	21	11	11	14	92	46	20	150	28	64	1980		2014-06-14 14:40:57	T	40	40	0	0	0	28	28
166			"empinf"	"interview"	2014-06-14 14:26:44	2	2	1	2	1	6	1	1																																																																																																																																																																																																																																																																																		39	61																																							100		2014-06-14 14:28:24	F	2	2	0	0	0	5	5
167			"empinf"	"interview"	2014-06-14 14:38:19	2	1	1	7	1	3	1	1																																																																																																																																																																																																																																																																																		4	72																																							76		2014-06-14 14:39:35	F	2	2	0	0	0	163	163
168			"empinf"	"interview"	2014-06-14 14:48:43	2	2	1	1	1	2	1	1																																																																																																																																																																																																																																																																																		16	36																																							52		2014-06-14 14:49:35	F	2	2	0	0	0	47	47
170			"empinf"	"interview"	2014-06-14 15:20:39	1	1	1	6	1	6	1	1	T	T	T	T	T	T	T	T	T	T	T	T	T	T	T	T	T	T	1	1	1	1	1	1	1	1	1	1	1	1	1	1	1	1	2	2	2	2	2	2	2	2	2	2	2	2	2	2	2	2	2	2	"3"	"3"	"4"	"3"	"3"	"5"	"6"	"6"	"6"	"5"	"2"	"2"	"3"	"3"	"3"	"2"	"1"	"2"	30	2	3	1	10	10		30	2	5	6	10	10		40	5	7	5	10	10																																																																																																																																																																																								6	63	393	2642	59	43																																			669		2014-06-14 16:14:05	F	6	6	0	0	0	36	36
173			"empinf"	"interview"	2014-06-14 15:52:09	2	2	1	6	1	6	1	1																																																																																																																																																																																																																																																																																		88	110																																							198		2014-06-14 15:55:27	F	2	2	0	0	0	0	0
175			"empinf"	"interview"	2014-06-14 16:28:45	2	2	1	10	1	4	1	1																																																																																																																																																																																																																																																																																		977	544																																							102		2014-06-14 16:54:06	F	2	2	0	0	0	0	0
176			"empinf"	"interview"	2014-06-14 17:20:14	2	2	1	4	1	6	1	1	T	T	T	F	F	F	T	T	T	T	T	F	T	T	T	F	T	F	1	1	1			1	1	1	1	1	1	1			1		2	2	2			2	2	2	2	2	2	2			2				"10"	"10"	"10"				"8"	"8"	"8"	"12"	"8"		"8"	"8"	"8"		"8"		12	3	6	1	9	10		12	4	7	2	9	10		12	5	5	1	10	10																							10	4	6	3	10	10		10	4	5	3	10	10		10	5	7	2	10	10		12	6	5	1	10	10		8	4	1	1	10		3									8	3	6	2	9	10		8	4	7	1	10	10		8	4	6	1	8	10								10	2	5	1	10	10									6	30	6	2	6	30	6	2	6	40	8	2												8	40	8	2	8	40	8	2	8	40	8	2	10	50	10	2	70	2						6	30	6	2	8	30	8	2	6	30	6	2				10	10	10	2					20	1	1	1	T	F	2	1	36	128	325	136	42	59	82			19	23	65	24	22	17	25			23		53		19	41	13			7	7	11	14	11	15	21			46		25		1309		2014-06-14 17:42:04	T	39	39	8	5	14	34	48
177			"empinf"	"interview"	2014-06-14 17:20:18	2	2	1	6	1	6	1	1	T	T	T	T	T	T	T	T	T	T	T	T	T	T	T	T	T	T	1	1	1	1	1	1	1	1	1	1	1	1	1	1	1	1	2	2	2	2	2	2	2	2	2	2	2	2	2	2	2	2	2	3	"0"	"0"	"10"	"10"	"8"	"0"	"0"	"0"	"10"	"0"	"10"	"10"	"0"	"0"	"10"	"10"	"0"	"10"																																																																																																																																																																																																												36	59	232	1308154																																					432		2014-06-29 20:48:19	F	4	4	0	0	0	5	5
178			"empinf"	"interview"	2014-06-14 17:42:14	2	2	2	5	1	4	1	2																																																																																																																																																																																																																																																																																		5	52																																							57		2014-06-14 17:43:11	F	2	2	0	0	0	135	135
179			"empinf"	"interview"	2014-06-14 17:51:35	2	2	1	10	1	4	1	1	T	T	T	T	T	F	T	T	T	T	F	T	T	T	T	T	T	T	1	1	1	1	1	2	1	2	1	3	1	1	1	3	1	3	2	2	4	4	2	4	2	2	4	1	2	3	2	1	3	1	1	1	"25"	"20"	"25"	"25"	"20"		"25"	"25"	"25"	"25"		"20"	"20"	"20"	"20"	"10"	"20"	"20"	500	5	5	6	7	7		400	5	6	5																																																																																																																																																																																																	269	179	1001	237	85																																				703		2014-06-14 18:21:06	F	4	5	5	5	15	0	15
181			"empinf"	"interview"	2014-06-14 18:19:34	2	1	1	9	1	5	1	2																																																																																																																																																																																																																																																																																		30	74																																							104		2014-06-14 18:21:18	F	2	2	0	0	0	0	0
182			"empinf"	"interview"	2014-06-14 18:51:28	2	2	2	2	1	6	1	1																																																																																																																																																																																																																																																																																		17	41																																							58		2014-06-14 18:52:26	F	2	2	0	0	0	38	38
183			"empinf"	"interview"	2014-06-14 19:04:03	2	2	1	4	1	5	1	2	T	T	T	T	F	F	T	T	T	T	F	T	T	T	T	F	T	T	3	1	3			3	3	3	3	2	3	1			1		1	2	1			1	1	1	1	2	1	2			2																						40	5	4	1	9	10	5	40	4	6	2	10	10		40	4	5	3	10	10	5	40	5	4	1	9	9	5															40	6	2	1	10	10	5	40	5	2	2	10	7	5	40	5	2	2	10	9	5	40	4	4	1	10	10	5								40	5	5	2	8	10	10	5	32	3	4	4	5	10		32	4	6	2	10	10	6	34	5	6	2	10	10								40	3	5	1	10	10		40	3	5	4	9	10	5	28	56	12	2	20	56	20	2	26	56	14	2	20	56	20	1								20	56	20	2	28	56	12	2	28	56	12	2	24	56	12	2			20	40	56	20	1	20	56	8	2	22	58	10	2	22	60	10	2				20	58	20	2	20	56	20	1	20	2	1	1	F	T	2	1	9	79	875	214	33	47	42	35		29	33	20	123	23	53	54		23			40	252	91	134	56	10		49	17	19	31	60	20	37		55			13	27	1613		2014-06-14 19:47:27	T	40	40	12	7	22	16	38
185			"empinf"	"interview"	2014-06-14 19:37:16	2	1	1	5	1	5	1	1	T	T	T	T	T	T	T	T	T	T	T	T	T	T	T	T	T	T	1	1	1	1	1	2	1	1	1	1	1	1	1	1	1	1	2	2	2	2	2	3	2	2	2	2	2	2	2	2	2	2	2	2	"0"	"0"	"0"	"0"	"0"	"0"	"0"	"0"	"0"	"0"	"0"	"0"	"0"	"0"	"0"	"0"	"0"	"0"	10	4	3	3	10	10		10	4	6	5	8	10		12	4	5	5	9	5		20	6	7	5	10	5																																																																																																																																																																																	7	51	123	38	38	24	40																																		321		2014-06-14 19:42:37	F	7	7	0	0	0	58	58
186			"empinf"	"interview"	2014-06-14 19:39:38	2	2	1	6	1	5	1	1																																																																																																																																																																																																																																																																																		20	58																																							78		2014-06-14 19:40:56	F	2	2	0	0	0	19	19
187			"empinf"	"interview"	2014-06-14 21:05:19	2	2	1	6	1	3	1	1																																																																																																																																																																																																																																																																																		30	61																																							91		2014-06-14 21:06:50	F	2	2	0	0	0	5	5
189			"empinf"	"interview"	2014-06-14 21:49:40	2	2	2	10	1	5	1	2																																																																																																																																																																																																																																																																																		23	41																																							64		2014-06-14 21:50:44	F	2	2	0	0	0	27	27
190			"empinf"	"interview"	2014-06-14 21:54:30	2	1	1	8	1	6	1	1																																																																																																																																																																																																																																																																																		29	96																																							125		2014-06-14 21:56:35	F	2	2	0	0	0	1	1
191			"empinf"	"interview"	2014-06-14 21:59:50	2	2	1	6	1	6	1	1																																																																																																																																																																																																																																																																																		54	69	789125																																						402		2014-06-24 01:13:58	F	3	3	0	0	0	1	1
197			"empinf"	"interview"	2014-06-15 04:38:13	2	2	2	5	1	6	1	1																																																																																																																																																																																																																																																																																		3	53																																							56		2014-06-15 04:39:09	F	2	2	0	0	0	234	234
201			"empinf"	"interview"	2014-06-15 12:20:14	2	1	1	1	1	6	1	2	T	F	F	F	F	F	T	F	F	F	F	F	T	F	F	F	F	F	1					3				1							2					1				2									"4 Stunden"						"8-9 Stunden"						"6 Stunden"						52	2	4	1	1	10																																					91	6	2	1	4	10	1																																					65	3	6	1	1	10																																				5	2	0	2																				6	45	2	2																				5	4	0	2																				18	1	1	1	T	T	4	1	5	127	162	270	82					43				126									70					36				71									953		2014-06-15 12:36:46	T	32	32	36	26	79	29	108
203			"empinf"	"interview"	2014-06-15 15:13:41	2	2	1	4	1	4	1	2	T	T	T	F	F	F	F	F	F	T	T	F	T	T	T	F	T	F	1	1	1			1	1	1	1	1	2	1			1		2	2	2						2	2	2	2			2		2		"12"	"18"	"15"							"16"	"5"		"12"	"16"	"15"		"20"																																																																																																																																																																																																													157	98	421																																						676		2014-06-15 15:24:57	F	3	3	29	21	63	0	63
204			"empinf"	"interview"	2014-06-15 16:16:55	2	2	1	8	1	3	1	1	T	T	T	F	F	T	T	F	F	T	T	T	F	T	T	F	T	T	3					3					1	3			1	1	1	3	3			1			4		2	4		4	2	2	2	2	"5"					"20"	"10"			"10"	"7"	"10"		"5"	"5"		"5"	"5"	10	6	7	4	8	8	6	10	6	7	4	8	8	6	10	6	7	4	8	8	6															15	6	7	2	8		2	15	6	7	2	8	8	6															15	6	5	1	8	8	6	15	4	7	1	9		2	15	6	7	7	8	10	9	6								10	5	7	4	8	8		10	5	7	3	8	8	6							5	4	7	1	10	10		5	4	7	2	10	10		10	40	8	2	10	40	8	2	10	40	8	2									10	30	2	10	40	8	2									10	40	8	2	40	2	5	40	40	8	2					8	40	4	2	8	40	4	2				5	40	8	2	5	40	8	2	27	1	1	1	T	F	3	2	80	127	639	110	34	16	27			34			24		38	56		51	27	27	19	53	25	19	18			13			27		15	32		12	21	21	9	40	1614		2014-06-15 16:43:51	T	40	40	11	8	23	25	48
206			"empinf"	"interview"	2014-06-15 19:45:31	2	2	1	11	1	5	1	2	T	T	T	T	T	T	T	T	T	T	T	T	T	T	T	T	T	T	2	2	2	2	3	2	1	2	2	1	1	2	1	1	1	2	4	4	2	4	1	2	2	2	3	2	2	4	2	2	2	4	2	2	"10"	"14"	"10"	"8"	"8"	"14"	"16"	"16"	"16"	"13"	"4"	"7"	"6"	"6"	"6"	"5"	"20"	"7"																																																																																																																																																																																																												17	107	400																																						524		2014-06-15 19:54:15	F	3	3	0	0	0	13	13
207			"empinf"	"interview"	2014-06-15 19:55:25	2	2	1	9	1	5	1	2	T	T	T	T	T	T	T	T	T	T	T	T	T	T	T	T	T	T	2	2	2	2	3	2	1	2	2	1	2	2	1	1	1	1	4	4	2	4	1	2	2	2	3	2	2	4	2	2	2	4	2	2	"10"	"14"	"10"	"10"	"8"	"14"	"16"	"16"	"16"	"12"	"4"	"7"	"7"	"6"	"9"	"6"	"20"	"8"	12	5	1	1	10	5	9	14	6	2	2	10	3	7	10	3	2	3	10	6		10	6	4	4	5	4	7	8	6	1	3	10	4	6	14	4	6	5	1		2	14	6	5	4	10	9		16	6	3	4	9	6		16	6	4	4	9	5		12	4	5	4	9	7		4	2	6	5	9		4	6	3	5	4	5	7			8	4	1	3	8	3		5	4	2	3	7	4		7	5	2	3	3	2	6	6	4	3	2	3		20	1	5	4	7	5		8	4	4	2	7	4	5	6	20	4	2	19	18	4	2	5	20	4	2	7	30	2	2	5	30	2	1	6	7	1	8	36	4	2	10	36	4	2	10	30	4	2	9	18	4	2	24	2	6	0	10	2	2	4	15	2	2	4	16	2	2	6	30	2	1	5	1	2	10	8	10	2	4	14	4	2	29	2	1	1	F	T	3	4	5	59	311	85	43	46	47	33	47	37	35	34	110	43	53	50	53	66	90	42	51	75	46	35	49	33	28	38	53	29	44	25	34	45	48	33	38	31	28	67	2119		2014-06-15 20:30:47	T	40	40	0	0	0	8	8
208			"empinf"	"interview"	2014-06-15 20:39:21	2	2	2	8	1	6	1	2	T	T	T	T	T	T	T	T	T	T	T	T	T	T	T	T	T	T	1	1	1	3	2	2	2	2	1	1	1	1	1	1	1	1	2	2	2	4	2	4	4	3	2	2	2	2	2	3	2	2	2	2				"20"			"20"	"20"	"20"										5	3	3	1	9	8		5	4	4	3	9	9		5	4	4	4	9	9		20	6	2	4	9	9	5	10	4	5	3	10	10		3	3	3	3	10		1	25	6	3	3	10	10	4	25	6	3	3	10	10	4	25	6	4	3	10	10	4	6	4	1	1	9	9		2	3	2	5	10		3	10	4	1	4	10	10	6	4	10	5	5	3	9	9		5	4	6	3	9	9		6	4	6	3	9	9		4	3	1	1	10		5	3	6	2	10	10		5	3	6	3	10	10																																																																															25	56	160	65	22	13	30	18	33	16	16	19	21	13	16	22	27	29	22	13	14																				650		2014-06-15 20:50:11	F	21	21	7	4	13	60	72
209			"empinf"	"interview"	2014-06-15 21:16:40	2	X-9	X-9	X-9	X-9		X-9	X-9																																																																																																																																																																																																																																																																																		330	16																																							46		2014-06-15 21:22:26	F	2	2	88	87	265	88	352
212			"empinf"	"interview"	2014-06-15 23:46:33	2	2	1	2	1	5	1	1	T	F	F	F	F	F	T	F	F	F	F	F	T	F	F	F	F	F	1					1				1					1		2					2				2					2				"19"						"17"						"12"				"7"		19	3	6	5	9	8																																					17	5	7	3	10	9																																						12	6	6	2	10	7																																				13	42	6	2																				13	44	7	2																				8	35	4	2																				19	1	1	1	T	F	4	2	75	61	505	157	48					59				176									52					32				37									1069		2014-06-16 00:06:35	T	32	32	34	24	73	1	74
214			"empinf"	"interview"	2014-06-16 06:35:55	2	2	1	4	1	5	X-9	2																																																																																																																																																																																																																																																																																		36	30																																							66		2014-06-16 06:37:01	F	2	2	13	12	37	35	72
216			"empinf"	"interview"	2014-06-16 09:14:35	2	2	2	15	1	5	1	2	T	T	F	F	F	F	F	F	F	F	T	F	T	T	F	F	T	F	2	2	3			3			3	2	2				1		2	4	1			1			1	2	4				2		2		"10"	"30"	"35"				"50"			"50"		"25"	"4"	"15"			"8"		30	6	1	1	10	10	9	35	6	3	1	10	10	9																																																									8	3	1	1	8	9	1									8	4	2	5	9	10	9	35	6	6	1	10	10	9														12	5	1	1	10	10	8								20	70	4	2	35	80	4	2																																20	2						6	0	4	2	35	45	4	2								40	80	10	2					30	1	1	2	T	F	3	1	56	77	219	86	45	38								37	36				29		43		37	18								22	17				41		33		834		2014-06-16 09:28:29	T	39	39	17	11	33	12	45
221			"empinf"	"interview"	2014-06-16 12:00:49	2	2	2	X-9	1	4	1	2																																																																																																																																																																																																																																																																																		3	63																																							66		2014-06-16 12:01:55	F	2	2	13	12	37	229	266
222			"empinf"	"interview"	2014-06-16 12:12:24	X-9	X-9	X-9	X-9	X-9		X-9	X-9																																																																																																																																																																																																																																																																																		7	27																																							34		2014-06-16 12:12:58	F	2	2	100	100	303	124	427
223			"empinf"	"interview"	2014-06-16 12:50:43	2	2	1	4	1	6	1	2	T	T	T	F	F	F	T	T	T	T	F	F	T	T	F	F	T	F	1	1	2			1	2	2		2	2				1		3	3	2			3	2	2		3	3				2				"10"	"10"	"10"				"12"	"15"	"15"				"2"	"10"			"10"		150	5	4	1	9	8	3	150	6	5	1	9	8		100	4	5	2	8	7																																																																																																																																																																																								15	54	176	54	37	23																																			359		2014-06-16 12:56:42	F	6	6	25	17	51	36	87
227			"empinf"	"interview"	2014-06-16 14:16:05	2	2	1	4	1	6	1	1																																																																																																																																																																																																																																																																																		8	62																																							70		2014-06-16 14:17:15	F	2	2	0	0	0	73	73
228			"empinf"	"interview"	2014-06-16 14:52:56	2	2	1	4	1	4	1	1	T	T	T	F	F	F	T	T	T	T	F	F	T	T	T	F	T	F	1	1	1			2	3	3	1	1	2	1			1		2	2	2			3	1	1	2	2	3	2			2																																																																																																																																																																																																																																	291	86	477332																																						395		2014-06-22 03:34:46	F	2	3	38	28	83	0	83
229			"empinf"	"interview"	2014-06-16 16:07:54	2	2	1	12	1	2	1	2	T	T	T	T	T	T	T	T	T	T	T	T	T	T	T	T	T	T	1	1	1	1	1	1	1	1	1	1	1	1	1	1	1	1	2	2	2	2	2	2	2	2	2	2	2	2	2	2	2	2	2	2																			13	4	4	1	10	10		8	1	1	7	7	10		10	2	3	4	9	10		16	6	7	3	10	10		9	3	6	4	10	10		25	4	7	1	6		1	11	2	4	7	10	10		14	5	1	4	10	10		10	4	5	6	10	10		12	4	7	2	10	10		5	4	7	1	10		1	10	2	1	1	1	10	11		10	3	2	5	10	10		12	2	1	2	10	10		11	4	3	2	10	10		5	4	5	1	10		8	2	1	4	10	10		9	3	4	1	8	10					X-9																																																																										63	72	121	83	43	24	23	20	42	24	19	15	22	20	15	33	33	37	50	66	29	13																			867		2014-06-16 16:22:21	F	21	22	11	7	22	41	63
241			"empinf"	"interview"	2014-06-18 09:04:24	2	2	1	5	1	6	1	1	T	T	T	T	T	T	T	T	T	T	T	F	T	T	T	T	T	T	1	1	1	1	1	1	1	1	1	1	1	1	1		1	1	2	2	2	2	2	2	2	2	2	2	2	2	2		2	2	2	2																			7	4	6	2	10	10																																																																																																																																																																																																						71	100	199	134	6																																				510		2014-06-18 09:12:54	F	5	5	29	24	73	77	150
243			"empinf"	"interview"	2014-06-18 11:15:46	2	2	1	3	1	6	1	1	T	T	T	F	F	F	T	F	F	T	F	F	T	T	T	T	T	F	1	1	1	1		1			1	1	1	1	1				2	2	2			2			2	2	2	2	2		2				"2"	"0"	"4"				"2"			"2"			"2"	"2"	"4"	"0"	"0"		12	3	7	3	10	10		10	3	6	5	10	9		20	2	3	4	10	9																							14	5	6	6	10	10																14	4	7	3	10	10																	10	3	4	4	10	10		10	3	4	5	10	8		12	2	3	2	10	10		8	3	3	1	4		10	1	3	5	10	9									5	10	5	2	8	8	8	2	8	10	4	2												7	6	5	2									8	8	4	2								8	5	3	2	6	5	2	2	5	5	2	2	5	3	2	7	4	3	2					20	2	1	1	T	F	2	1	37	47	257	130	81	60	52			31			46	52	58	55	53				77		29	28	32			16			34	29	39	27	28				51		1349		2014-06-18 11:38:17	T	39	39	11	7	21	6	27
244			"empinf"	"interview"	2014-06-18 13:06:07	2	2	1	8	1	6	1	1	T	T	T	T	T	T	T	F	T	T	T	T	T	T	T	T	T	T	2	1	1	1	1	2	3	2	2	1	1	1	1	1	1	1	2	3	2	2	2	4	4	2	3	2	3	2	2	2	2	2	2	3	"15"	"18"	"12"	"20"	"19"	"17"	"15"	"18"	"14"	"13"	"8"	"12"	"10"	"15"	"17"	"6"	"11"	"13"	15	5	6	2	10	10	6	14	6	7	2	10	10		9	5	6	3	10	8		16	3	6	3	10	10		16	5	7	4	10	9		15	5	6	3	10		1	15	4	2	2	10	9	8								14	5	2	2	10	10	6	13	4	5	4	10	10	3	8	2	7	4	10		1	13	4	6	3	10	10	11		16	3	2	3	10	10		13	5	3	1	9	6	4	11	4	3	1	9	8		6	3	6	3	10		12	4	3	5	10	10		10	5	5	3	10	10		8	8	7	2	8	6	8	2	7	10	6	2	16	13	6	2	14	10	5	2	4	12	2	9	18	7	2					9	8	6	2	8	10	5	2	40	2	8	15	22	5	2	7	9	3	2	10	15	3	2	6	20	3	2	3	2	2	6	10	4	2	6	14	5	2	23	1	1	1	T	F	4	2	3	60	401	100	37	52	26	19	34	27		27	19	26	20	39	30	26	26	20	18	82	20	21	19	21	36	20		21	17	34	18	16	31	15	18	17	18	28	1462		2014-06-18 13:30:30	T	40	40	0	0	0	37	37
245			"empinf"	"interview"	2014-06-18 15:26:44	2	2	1	3	1	6	1	2	T	T	F	F	F	F	T	T	F	F	F	F	T	T	F	F	F	F	1	2				3	3		3	2	1						2	2				1	1		1	2	2								"12"	"14"					"8"	"8"		"10"			"12"	"10"					12	3	6	5	6	8		14	3	6	3	7	9																														8	5	2	2	6	5		8	5	2	2	5	5	6																														10	5	4	2	6	5	7	10	4	7	2	9	9																													6	18	5	2	7	20	5	2																4	10	4	2	4	10	4	2																6	20	2	2	5	12	2	2																23	1	1	1	T	F	2	1	3	90	293	78	50	45				57	40			38	70								21	16				18	30			16	72								889		2014-06-18 15:42:21	T	33	33	20	13	40	41	81
246			"empinf"	"interview"	2014-06-18 19:58:40	2	2	1	2	1	6	1	1	T	T	F	F	F	F	T	T	F	F	F	F	T	T	F	F	F	F	1					1				1							2					2				2									"3"						"7"						"4"						20	3	7	6	10	10																																																																																																																																																																																																						74	110	190	110	75954																																				534		2014-06-19 17:12:38	F	5	5	54	45	135	5	140
247			"empinf"	"interview"	2014-06-18 21:02:18	2	1	1	12	2	3	1	2	T	T	T	T	T	T	T	T	T	T	T	T	T	T	T	T	T	T	2	2	2	2	1	2	2	1	2	1	1	1	1	2	1	1	2	3	3	3	2	3	2	2	3	2	2	2	2	3	2	2	2	2	"12"	"12"	"12"	"10"	"10"	"40"	"12"	"12"	"12"	"10"	"4"	"11"	"7"	"12"	"12"	"8"	"6"	"6"	12	4	3	2	9	5		12	4	4	3	7	5	5	12	4	6	3	8	6	4																																																																																																																																																																																							139348	117	483	144	52	67	6																																		899		2014-06-20 11:59:16	F	4	7	7	8	23	40	63
249			"empinf"	"interview"	2014-06-19 14:42:27	2	1	1	7	1	6	1	1	T	T	T	T	T	T	T	T	T	T	T	T	T	T	T	T	T	T	1	1	1	1	1	1	1	1	1	1	1	1	1	1	1	1	2	2	2	2	2	2	2	2	2	2	2	2	2	2	3	2	2	2	"0"	"0"	"0"	"0"	"0"	"0"	"0"	"0"	"0"	"0"	"0"	"0"	"0"	"0"	"0"	"0"	"0"	"0"	10	3	4	6	10	10		10	3	3	6	10	10		6	4	5	6	10	10		10	5	6	3	10	10		4	1	1	2	5	10		4	1	1	6	4		3	6	2	6	6	10	10		6	4	6	6	10	10		8	4	6	6	10	10		6	1	6	3	10	10		6	5	1	1	10		3	1	1	1	2	1	10	4		2	1	1	1	1	10		4	1	3	3	10	10		4	4	6	5	10	10		4	1	7	5	10																																																																																													158	99	318	95	41	66	37	43	73	49	28	41	25	90	21	55	89	74	68																						1470		2014-06-19 15:06:57	F	19	19	0	0	0	6	6
250			"empinf"	"interview"	2014-06-19 14:44:03	2	2	1	3	1	3	1	1	T	T	T	F	F	F	T	T	T	F	T	F	T	T	T	F	F	F	1	1	1			2	1	1		1	1	1					2	2	2			2	2	2		2	2	2					2		"14"	"14"	"14"				"14"	"14"	"14"		"14"		"14"	"14"	"14"				8	4	7	5	1	10		9	4	7	4	1	10		11	4	6	4	3	10																							13	6	2	3	3	9		114	6	2	3	4	9		16	5	5	3	5	10									3	1	1	1	10		1									5	3	7	3	1	10		5	4	6	3	7	10		4	3	6	4	1	9																						6	1	0	2				X-9																																																																						33	116	310	179	44	70	81			49	21	42		31	86	51			93				103																		1309		2014-06-19 15:05:54	F	23	23	17	12	36	5	41
252			"empinf"	"interview"	2014-06-19 23:05:39	2	2	1	6	1	5	1	1	T	T	T	T	T	T	T	T	T	T	T	T	T	T	T	T	T	T	1	1	1	1	1	2	1	1	1	1	1	1	1	1	1	1	2	2	2	2	2	2	2	2	2	2	2	2	2	2	2	2	2	2	"20"	"18"	"15"	"16"	"16"	"12"	"18"	"16"	"16"	"12"	"3"	"14"	"15"	"8"	"12"	"5"	"2"	"10"	20	6	2	1	10	8		18	3	6	2	7	7		15	2	6	1	8	6		16	5	7	1	10	9		16	6	7	2	10	7		8	3	5	2	4		3	18	6	2	3	9	7		18	6	2	3	10	7		16	6	3	1	9	9		14	2	4	1	9	7		3	1	4	1	9		1	12	4	4	4	1	10	6		14	6	1	3	10	8		10	3	7	2	10	7		14	3	7	4	9	7		5	3	6	3	7		3	2	1	2	10	7		12	2	3	1	7	5		10	30	8	2	-99	-99	-99	2	-99	-99	-99	2	-99	-99	-99	2	-99	-99	-99	2				-99	-99	-99	2	-99	-99	-99	2																																															134	132	650	152	50	54	51	74	61	43	171	66	153	56	34	34	187	50	44	60	48	94	255	15	15	11	12	13													2130		2014-06-19 23:51:00	F	28	28	0	0	0	11	11
261			"empinf"	"interview"	2014-06-23 14:16:21	2	2	1	6	1	4	1	2	T	T	T	F	T	T	T	T	T	T	T	T	T	T	T	T	T	T	1	1	1	1	1	1	1	1	1	1	1	1	1	1	1	1	2	2	2	2	2	2	2	2	2	2	2	2	2	2	2	2	2	2	"10"	"10"	"10"	"10"	"10"	"10"	"10"	"10"	"10"	"10"	"10"	"10"	"10"	"10"	"10"	"10"	"10"	"10"	10	4	1	4	4	10																																																																																																																																																																																																						7	39	118	37																																					201		2014-06-23 14:19:42	F	4	4	0	0	0	92	92
262			"empinf"	"interview"	2014-06-23 14:26:47	2	2	2	11	1	3	1	2																																																																																																																																																																																																																																																																																		115	72																																							187		2014-06-23 14:29:54	F	2	2	0	0	0	0	0
273			"empinf"	"interview"	2014-06-23 14:42:05	2	2	1	1	1	3	1	2	F	F	F	F	F	F	F	F	F	F	F	F	T	F	F	F	F	F										2																2									"21"	"23"											"0"																																																																																											0	2	6	1	1	8	5																																																																																	2	0	0	2																				21	1	1	1	F	T	2	1	7	83	113	64										30																		55									352		2014-06-23 14:47:57	T	32	32	48	38	116	49	165
274			"empinf"	"interview"	2014-06-23 14:42:31	2	2	1	2	1	3	X-9	1	T	T	T	F	F	F	T	T	F	F	F	F	T	T	F	F	F	F	1	1	1			1	2										2	2	2			2	2			1	2								"18"	"16"	"20"				"20"	"25"						"16"					18	4	6	2	1	10		18	4	5	3	3	10		20	5	5	2	8	10																							17	4	3	2	7	8		25	5	5	3	9	10																															16	5	5	2	2	7		18	4	7	4	10	9																													15	15	2	2	17	20	4	1	18	25	5	2												18	30	5	2	25	40	6	1																20	20	4	2	20	25	4	1																24	1	1	1	T	F	1	2	158	60	275	96	62	37	33			29	38			25	59								27	21	18			32	21			16	21								1028		2014-06-23 14:59:40	T	33	33	21	14	44	14	58
276			"empinf"	"interview"	2014-06-23 14:51:52	2	1	1	3	1	6	1	1	T	T	F	F	F	F	T	T	F	F	F	F	T	T	F	F	F	F	1	3				3	3			2	1						2	1				1	1			2	2								"6"	"7-8"					"10"	"12"		"10"			"5"	"4"					6	2	6	1	8	10		7	4	6	3	1	8	8																													10	5	5	2	9	7		12	5	5	3	9	7	8																														4	4	5	2	2	9		7	4	6	1	9	10																													3	3	3	2	5	2	4	2																10	20	5	2	10	6	4	2																5	6	0	2	5	9	0	2																22	1	1	1	T	F	2	2	7	87	240	105	79	54				46	36			74	129								23	33				31	24			27	59								964		2014-06-23 15:09:26	T	33	33	22	14	43	15	58
277			"empinf"	"interview"	2014-06-23 14:53:23	2	2	1	4	1	5	1	1	T	T	T	F	F	F	T	T	F	T	F	F	T	T	T	F	T	F	1	2	3			2	2		1	1	1	2			1		2	2	1			2	2		2	2	2	2			2				"4"	"4"	"3"				"4"	"4"		"5"			"4"	"4"	"3"		"10"		40	2	4	4	6	9		40	3	3	4	4	6		35	4	5	2	6	4																							40	2	1	2	8	8		35	4	1	2	7	6									42	3	3	2	7	9																	30	1	4	4	8	9		35	3	2	1	7	6		30	4	1	1	4	5								42	1	3	1	1	9									3	6	8	2	3	6	7	2	4	7	9	1												2	3	7	2	2	3	6	2					4	7	9	2								2	6	7	2	5	7	8	2	4	8	7	1				4	6	1	2					23	1	1	1	T	F	1	2	31	84	420	79	40	52	38			23	53		40	31	29	43					60		36	25	19			23	22		23	35	28	27					20		1281		2014-06-23 15:14:45	T	39	39	11	6	19	8	27
278			"empinf"	"interview"	2014-06-23 15:10:55	2	2	1	8	1	3	1	1																																																																																																																																																																																																																																																																																		1520	55																																							85		2014-06-23 15:37:10	F	2	2	0	0	0	8	8
280			"empinf"	"interview"	2014-06-23 15:57:22	2	1	1	10	1	5	1	1																																																																																																																																																																																																																																																																																		58	62																																							120		2014-06-23 15:59:22	F	2	2	0	0	0	4	4
282			"empinf"	"interview"	2014-06-23 16:18:16	2	2	1	1	1	6	1	1	T	F	F	F	F	F	T	T	T	F	F	F	T	T	T	F	T	F	1					1	1	1		1	1	1			1		2					2	2	2		2	2	2			2																						2	3	6	2	10	5																																					0	2	4	6	6	6		3	4	5	6	7	5	6	5	4	5	3	9	5																																																																																																																																														7	196	198	165	73					82	46	18																													661		2014-06-23 16:31:22	F	4	12	38	29	89	29	118
285			"empinf"	"interview"	2014-06-23 17:05:43	2	2	1	1	1	6	1	1	T	F	F	F	F	F	T	F	F	F	F	F	T	F	F	F	F	F	3					3				2							1	1	1	1	1	1	1	1	1	2	1	1	1	1	1	1	1	1	"6"	"6"					"6"	"6"		"4"			"2"	"2"					3	5	7	1	6	3	7																																				3	6	7	4	9	5	9																																					1	1	1	1	6	2	5																																			10	0	4	1																				6	4	6	1																				4	2	4	1																				19	1	1	1	T	F	2	1	90	76	140	73	32					25				59									30					14				38									577		2014-06-23 17:15:21	T	32	32	20	13	41	19	60
286			"empinf"	"interview"	2014-06-23 19:57:49	2	2	1	5	1	1	1	2	T	F	F	F	F	F	F	F	F	F	F	F	T	T	T	F	F	F	2	3	3			3	3	3	3	2	1	2					3	1	1			1	1	1		2	2	2							"20"	"20"	"20"				"20"	"20"	"20"	"20"			"20"	"10"	"10"				6	4	4	1	8	6	7																																																																															4	3	5	5	9	8		4	3	7	1	9	6		4	5	4	2	10	7																						5	80	4	2																																											2	50	2	2	10	30	10	2	2	50	2	2												26	2	1	1	F	T	6	1	139	170	353	132	57									63	40	110							27									38	16	57							1047		2014-06-23 20:17:51	T	34	34	18	11	33	5	38
287			"empinf"	"interview"	2014-06-23 21:40:50	2	1	1	1	1	2	1	1	T	F	F	F	F	F	T	F	F	F	F	F	T	F	F	F	T	F	1					3				2					1		2					1				2					2				"15"						"12"						"8"				"16"		15	5	3	1	2	10																																					6	6	1	1	4	3																																						9	4	3	1	4	8																						112	2	6	3	10	9									12	20	0	1																				7	0	4	1																				6	18	2	1												102	0	10	2					18	2	1	1	T	F	4	2	57	64	165	147	77					185				85							105		19					103				53							98		862		2014-06-23 22:00:08	T	39	39	31	22	66	9	75
288			"empinf"	"interview"	2014-06-23 23:46:33	2	1	2	10	1	6	1	2	T	T	T	T	T	T	T	T	T	T	T	T	T	T	T	T	T	T	1	1	1	1	2	1	1	2	1	1	1	2	1	1	1	1	3	2	2	2	2	3	3	3	2	2	2	4	2	2	2	2	2	2	"0"	"0"	"0"	"0"	"0"	"0"	"0"	"0"	"0"	"0"	"0"	"0"	"0"	"0"	"0"	"0"	"0"	"0"	10	4	7	1	9	8	5	12	4	2	3	9	9		8	5	4	5	10	5		12	6	6	3	10	10		12	5	5	4	10	7		30	4	5	5	10		1	9	5	5	4	9	8	6	8	3	2	5	9	9		12	4	5	5	9	10	7	12	6	7	2	10	10		2	2	4	5	10		3	8	3	6	5	10	10	9		7	3	1	2	10	8		5	2	1	2	8	8		8	6	2	1	10	10	8	5	3	1	4	5		6	1	2	7	10	10		7	3	5	5	9	10		6	8	4	2	6	8	4	2	6	4	4	2	10	16	4	2	12	2	2	2	15	25	2	8	24	4	2	7	16	4	2	8	24	5	2	10	8	5	2	56	2	4	53	4	4	2	4	4	2	2	4	4	2	2	10	24	2	2	1	3	2	3	2	4	2	6	4	4	2	34	1	1	1	T	F	1	4	84	142	292	127	56	36	359	47	38	37	41	164	32	35	31	26	41	32	50	104	25	35	72	51	29	26	17	19	30	23	15	16	47	30	70	18	30	21	15	19	1934		2014-06-24 00:26:16	T	40	40	0	0	0	13	13
292			"empinf"	"interview"	2014-06-25 12:11:37	2	2	1	2	1	5	1	1																																																																																																																																																																																																																																																																																		3	98																																							101		2014-06-25 12:13:18	F	2	2	0	0	0	225	225
295			"empinf"	"interview"	2014-06-26 10:11:10	2	2	1	4	1	6	X-9	1	T	T	T	T	T	T	T	F	T	T	T	T	T	T	T	T	T	T	1	1	1	1	1	2	3	2	1	1	1	1	1	1	1	1	2	2	3	2	2	2	1	2	2	2	2	2	2	2	2	2	2	2	"2"	"2"	"2"	"2"	"2"	"0"	"5"	"1"	"3"	"3"	"1"	"1"	"2"	"2"	"2"	"1"	"1"	"1"	4	2	6	5	1	10																																																																																																																																																																																																						15	75	174	55																																					319		2014-06-26 10:16:29	F	4	4	1	1	4	31	36
298			"empinf"	"interview"	2014-06-26 10:15:47	2	1	1	5	1	5	1	2	T	T	T	F	F	F	T	T	T	T	F	F	T	T	T	F	T	F	2	1	1			2	1	2	1	2	1	3			1		2	2	2			2	2	2	2	2	2	1			2				"15"	"15"	"12"	"10"			"15"	"18"	"18"	"15"		"9"	"9"	"9"	"9"		"7"		270	6	7	2	8	10		230	6	7	2	9	10		230	5	7	2	10	10																							270	6	7	1	10	10		180	6	7	3	10	10		280	6	7	2	8	10		180	6	7	1	10	10																	100	6	4	3	9	10		120	5	6	1	9	10		140	5	7	1	9	10								105	1	5	3	10	10									15	2	5	2	15	2	5	2	10	2	5	2												15	3	4	2	15	1	5	2	12	1	5	2	10	3	2	2								5	3	3	2	10	1	3	2	10	1	2	2				20	0	10	2					29	2	1	1	T	F	4	2	123	301	340	244	83	64	44			85	78	34	478	222	178	53					116		48	99	41			124	111	38	71	34	36	39					65		1866		2014-06-26 11:08:16	T	39	39	8	4	14	0	14
299			"empinf"	"interview"	2014-06-26 10:16:36	2	2	1	2	1	6	1	1	T	F	F	F	F	F	T	F	F	F	F	F	T	F	F	F	F	F	2					1				1							2					2				2									"5"						"5"						"5"						8	2	5	3	8	5																																					7	4	2	2	9	8																																						6	3	4	3	8	5																																				6	12	3	2																				6	20	3	2																				5	10	2	2																				19	1	1	1	T	F	4	1	118	76	216	231	59					257				127									67					37				61									1032		2014-06-26 10:37:25	T	32	32	36	26	79	1	81
305			"empinf"	"interview"	2014-06-26 13:59:05	2	2	1	4	1	6	1	1	T	T	T	F	F	F	T	T	T	T	T	F	T	T	T	F	T	T	1	1	1			2	1	2	1	1	1	2			1	1	2	2	2	1	1	2	2	2	2	2	2	2	1	1	2	2	2	1																				2	6	5	10	10																																																																																																																																																																																																						45	61	297	73																																					476		2014-06-26 14:07:01	F	4	4	27	19	59	8	67
307			"empinf"	"interview"	2014-06-26 16:30:43	2	2	1	2	1	6	1	1	T	F	F	F	F	F	F	F	F	F	F	F	T	F	F	F	F	F	2					3				1							2					1				2									"5"	"10"					"15"	"12"		"10"			"2"	"8"					100	5	4	5	9	9	7																																																																															90	3	4	3	7	7	5																																			5	150	3	2																																											5	100	8	2																				21	1	1	1	T	F	2	1	21	79	100	60	30									42									66									32									430		2014-06-26 16:37:55	T	32	32	36	26	80	23	103
311			"empinf"	"interview"	2014-06-26 18:48:47	2	2	2	13	1	6	1	1	T	T	T	T	T	T	T	T	T	T	F	T	T	T	T	T	T	T	1	1	1	1	1	2	1	1	1	2	1	1	1	1	1	1	2	4	2	2	2	4	2	2	4	2	3	2	2	2	3	2	2	2	"14"	"1"	"14"	"15"	"10"	"8"	"1"	"14"	"14"	"4"	"4"	"12"	"8"	"8"	"8"	"6"	"4"	"6"																																																																																																																																																																																																												43	64	449																																						556		2014-06-26 18:58:03	F	3	3	0	0	0	2	2
312			"empinf"	"interview"	2014-06-26 19:09:33	2	2	1	2	1	6	1	2	T	T	F	F	F	F	T	T	F	F	F	F	T	T	F	F	F	F	3					3				2							1					1				2									"10"	"14"					"8"	"8"		"10"			"4"	"4"					15	4	3	1	8	6	5	20	6	6	1	9	8	5																													8	5	4	5	10	3	5	10	4	4	5	10	6	5																														4	3	1	1	8	3		8	4	6	1	1	9	5																												14	20	6	2	20	30	6	2																14	12	10	2	10	10	10	2																4	3	2	2	6	14	2	2																18	1	1	1	T	T	2	1	14	56	174	147	28	71				26	38			23	125								72	33				16	29			26	27								819		2014-06-26 19:24:39	T	33	33	26	18	54	15	69
313			"empinf"	"interview"	2014-06-26 20:57:17	2	2	1	2	1	6	1	1	T	F	F	F	F	F	T	F	F	F	F	F	T	F	F	F	F	F	1					1				1							2					2				2									"5"	"8"					"9"	"9"					"6"	"5"					7	4	7	5	10	9																																					10	6	5	2	9	8																																						8	3	4	3	9	10																																				3	10	4	1																				7	20	6	1																				5	7	2	1																				18	1	1	1	T	F	2	1	25	48	90	50	18					18				35									16					13				31									344		2014-06-26 21:03:01	T	32	32	34	24	73	49	122
314			"empinf"	"interview"	2014-06-26 22:09:49	2	2	1	1	1	4	1	1	T	F	F	F	F	F	T	F	F	F	F	F	T	F	F	F	F	F	1					2				2							2					2				2																											12	4	4	1	10	10																																					14	6	3	2	8	10																																						10	4	4	1	8	10																																				6	30	6	2																				10	40	7	2																				7	26	3	2																				21	1	1	1	T	F	2	2	7	535	468	140	102					73				129									77					54				190									1154		2014-06-26 22:39:25	T	32	32	39	28	86	16	103
315			"empinf"	"interview"	2014-06-26 22:27:53	2	2	2	2	1	6	1	1																																																																																																																																																																																																																																																																																		42	66																																							108		2014-06-26 22:29:41	F	2	2	0	0	0	2	2
317			"empinf"	"interview"	2014-06-27 00:58:39	2	2	2	10	2	1	1	2																																																																																																																																																																																																																																																																																		17	91																																							108		2014-06-27 01:00:27	F	2	2	0	0	0	19	19
320			"empinf"	"interview"	2014-06-27 13:06:23	2	2	1	1	1	6	1	1																																																																																																																																																																																																																																																																																		89	65																																							154		2014-06-27 13:08:57	F	2	2	0	0	0	3	3
321			"empinf"	"interview"	2014-06-27 13:06:25	2	2	1	8	1	6	1	1	T	T	T	T	F	F	T	F	F	T	F	T	F	T	T	F	T	T	1	1	1	1		3			3		1	3		3	1	1	2	2	2	2		1			1		2	1		1	2	2			"8"	"8"	"10"	"8"			"5"			"2"		"5"		"6"	"6"		"30"	"8"	8	5	2	5	9	9		10	5	6	6	8	9		10	5	6	5	9	9		8	5	7	5	10	10																9	4	6	5	9	8	3															8	6	2	2	9	1	2								8	4	5	5	10	8	3	5								7	3	7	6	9	10		6	6	6	4	10	9								30	3	6	4	9	10		6	3	4	4	9	10		4	10	4	2	4	10	4	2	4	10	4	2	5	10	4	2								4	15	4	2									3	10	4	2			4	5	10	4	2					4	10	2	2	4	10	2	2				40	10	20	2	4	10	4	2	28	1	1	1	T	F	4	2	840	70	279	83	48	69	40	50		49			39		39	64		49			31	73	17	20	18	36		20			14		13	23		21			9	35	1239		2014-06-27 13:40:36	T	40	40	9	6	18	16	33
